variant_id,chromosome,position,gene_symbol,ref_allele,alt_allele,p_value,odds_ratio,allele_frequency,functional_consequence,population,study_type,sample_size,effect_direction
rs57755036,chr15,192100010,HLA-DRB1,C,A,2.984251192882277e-06,2.6712480844168507,0.08998996632720116,intron_variant,African,WGS,17023,risk
rs14953367,chr12,5521373,HLA-DQA1,T,T,9.09125654210536e-07,1.8052348825163316,0.1716968971838151,3_prime_UTR_variant,European,GWAS,42434,risk
rs47792155,chr16,195438926,HLA-DQB1,T,T,3.925880021789107e-06,1.858923481122587,0.25569377536544463,splice_site_variant,East_Asian,GWAS,4890,risk
rs57972561,chr4,21193880,HLA-DPA1,C,T,4.041986932184958e-06,2.205225438272123,0.08906884560255356,upstream_gene_variant,European,WGS,49555,risk
rs14187277,chr17,38709731,HLA-DPB1,T,C,3.776807296226852e-06,2.6030143858211074,0.13317666514727555,upstream_gene_variant,European,Exome_seq,7873,risk
rs88655395,chr14,171819422,TNF,C,G,4.424634217670954e-07,1.846743445983179,0.06809091556421523,splice_site_variant,African,GWAS,9529,risk
rs58055419,chr13,69394024,IL1B,A,G,8.263355300480734e-07,1.25160014224594,0.21936059228254784,missense_variant,European,WGS,49190,protective
rs84139152,chr8,179271906,IL1B,G,A,3.029800267945082e-06,4.256792899094052,0.3104308102007778,upstream_gene_variant,African,WGS,14067,risk
rs55079037,chr5,181844642,IL6,C,C,1.3736096902285279e-06,3.052103305297414,0.20317074990151596,5_prime_UTR_variant,African,GWAS,18412,risk
rs40443226,chr9,100483854,IL10,G,T,1.270966083013492e-07,1.5560417090779046,0.0625716742746937,5_prime_UTR_variant,East_Asian,GWAS,46151,risk
rs62553124,chr7,152968492,IL10,G,G,1.0153069206126222e-06,4.311416782841337,0.2895461865954144,intron_variant,European,Candidate_gene,44689,protective
rs82752859,chr12,179283859,IL17A,T,T,2.6967116702360115e-06,3.8645525120414064,0.4084365199693973,5_prime_UTR_variant,Mixed,GWAS,2306,risk
rs24685747,chr13,30859174,IL17A,T,C,2.6704475627877904e-06,2.7999389054846446,0.32697441315610815,synonymous_variant,European,Exome_seq,8994,risk
rs67653416,chr20,11274621,IL17F,A,T,4.812236512263262e-06,2.0308815762237016,0.24889940235695418,missense_variant,European,WGS,28728,risk
rs34779713,chr2,155777819,IL17F,T,G,1.3932330425365931e-06,4.197277423689957,0.14582475626678898,synonymous_variant,East_Asian,Candidate_gene,39559,risk
rs79826934,chr11,175875390,IL23R,T,C,2.3515037019295577e-06,4.4452963649529815,0.2095297769778212,5_prime_UTR_variant,European,GWAS,28848,risk
rs36703247,chr3,122946771,IL23R,C,G,1.101206017586694e-06,3.5467934570454585,0.3738004184558862,upstream_gene_variant,East_Asian,WGS,9680,risk
rs54777024,chr11,123691547,IL2RA,A,A,1.0453588946169478e-06,2.986778313630967,0.3283137597380329,5_prime_UTR_variant,East_Asian,Candidate_gene,26199,risk
rs96415947,chr5,110169700,IFNG,C,G,9.435363529997887e-07,2.1202754635542,0.3301431319891085,splice_site_variant,African,WGS,13183,protective
rs24101383,chr4,102164453,IFNG,C,C,2.903433526495652e-06,2.428533129653752,0.42605337698311135,missense_variant,European,WGS,22357,risk
rs24705256,chr4,106996448,IL4,C,A,2.469469082023458e-06,1.790114940430385,0.196587513833144,splice_site_variant,African,GWAS,5735,risk
rs38856186,chr19,49673237,IL4,G,T,1.2199489729057746e-06,4.41093483068307,0.2072390898667042,3_prime_UTR_variant,Mixed,Exome_seq,49404,risk
rs88692768,chr5,184331835,IL13,A,C,1.4038625314319167e-06,1.2802426892237977,0.3081889183628671,missense_variant,Mixed,Candidate_gene,44484,risk
rs37481541,chr3,67385640,IL13,A,C,1.6537521926022639e-06,3.024124390557117,0.27891698766833534,upstream_gene_variant,African,Exome_seq,11492,risk
rs19992383,chr3,192094911,IL12B,T,A,1.9734579393558943e-06,3.985903364396827,0.42200673392433274,3_prime_UTR_variant,European,WGS,5014,protective
rs65785345,chr10,11192257,IL12B,T,A,4.243349125953578e-06,1.6508503937586951,0.3335643987640474,5_prime_UTR_variant,European,Exome_seq,39754,risk
rs77294551,chr13,83008891,IL12B,T,G,2.507581971919703e-06,3.834374090590358,0.3099855723111061,splice_site_variant,European,Candidate_gene,26547,protective
rs71286689,chr2,5183839,IL18,G,G,1.7971233304143665e-07,2.7364734598371183,0.26705785388303066,downstream_gene_variant,African,Candidate_gene,32024,risk
rs71612021,chr11,9849851,IL1RN,A,A,4.13934519106894e-06,2.096091622205148,0.4361007321563079,5_prime_UTR_variant,European,GWAS,33093,risk
rs54386038,chr8,166748531,IL1RN,C,A,4.847684366033928e-06,3.5581638437938414,0.06642700670715032,splice_site_variant,European,WGS,38945,risk
rs79911293,chr9,5294539,IL1RN,A,A,8.664724270599089e-07,1.7162422408145839,0.15009715926583814,3_prime_UTR_variant,European,GWAS,46543,protective
rs72709884,chr7,138917119,TNFAIP3,G,A,3.058604119451015e-06,2.584680206011707,0.149092395800463,splice_site_variant,European,Candidate_gene,20128,risk
rs64362116,chr15,175928880,TNFAIP3,T,T,4.8975526635970145e-06,1.7785898906348172,0.0568644407327001,synonymous_variant,East_Asian,Exome_seq,27211,risk
rs73193785,chr10,51018037,CD40,A,C,2.2652100355621282e-07,2.436221628267355,0.30034396628569454,synonymous_variant,East_Asian,WGS,10540,risk
rs28451727,chr2,114865200,CD80,C,C,3.182018350826459e-06,3.843132672451919,0.3208673369531927,intron_variant,East_Asian,GWAS,6052,risk
rs18028708,chr12,48685442,CD80,A,A,3.2574242078041678e-06,1.8820583875932597,0.15958445092845353,upstream_gene_variant,European,Candidate_gene,32996,risk
rs38317456,chr8,45653148,CD86,T,T,1.163606554071936e-07,3.887745992543488,0.16274190990936,upstream_gene_variant,East_Asian,Candidate_gene,27092,protective
rs35086263,chr4,185451800,CD86,A,A,1.4101735808219599e-06,1.7855504944730853,0.35024590065634337,splice_site_variant,East_Asian,Exome_seq,21463,risk
rs78498463,chr5,4741196,CTLA4,G,A,1.1911815237837449e-06,2.446505324381773,0.2637309894122254,upstream_gene_variant,African,Candidate_gene,1698,risk
rs91372540,chr9,149791186,PDCD1,C,A,1.596568868638437e-06,4.335204491267656,0.43024285877502244,intron_variant,East_Asian,WGS,22364,risk
rs97435123,chr21,11198499,CD28,A,G,3.906480471059963e-06,1.5744331866575783,0.422371642274917,synonymous_variant,European,Exome_seq,38497,risk
rs55564054,chr11,79733130,CD28,T,G,7.149592672724973e-07,3.7129850846676584,0.2972872253265044,downstream_gene_variant,African,Candidate_gene,47732,risk
rs73571674,chr2,81954884,ICOS,A,A,1.1661411288945668e-06,3.118307876848381,0.39525540879560156,3_prime_UTR_variant,African,Exome_seq,41262,protective
rs6409861,chr19,117595132,CD19,C,T,3.525422116398935e-06,2.02078970961995,0.18210101160763942,3_prime_UTR_variant,East_Asian,GWAS,22233,risk
rs96450771,chr8,45196734,CD19,A,G,3.730224650282237e-06,3.1251169248206265,0.43486901938981676,5_prime_UTR_variant,East_Asian,GWAS,34591,risk
rs90589817,chr12,174519532,CD20,C,A,2.1580051659296862e-07,4.140772275203634,0.26108044363451993,intron_variant,Mixed,WGS,26826,risk
rs43801198,chr9,126881648,CD22,T,G,2.2727058692978014e-06,3.2709416642774096,0.28372572476924013,splice_site_variant,African,Exome_seq,14323,protective
rs84845477,chr12,191078359,BAFF,C,A,1.3869066375244805e-06,1.8207998270884123,0.2354793619759929,synonymous_variant,European,WGS,28355,risk
rs68606426,chr22,139795966,APRIL,A,A,1.5476387719040225e-06,3.8855235650329307,0.3238924690215517,downstream_gene_variant,European,Exome_seq,46445,protective
rs85461358,chr2,87966281,TACI,C,T,4.330319581438153e-06,1.349221611350425,0.0605467897989008,missense_variant,African,Candidate_gene,9415,protective
rs8468810,chr21,26301054,TACI,A,T,4.145821274368352e-06,3.077968848246967,0.07540473183600055,missense_variant,East_Asian,GWAS,1404,risk
rs2722320,chr5,164920642,BCMA,A,G,3.844937306915138e-06,4.317726908612012,0.3898589562709646,missense_variant,European,GWAS,39765,risk
rs54363404,chr4,177707005,BCMA,A,A,3.7849959038620113e-06,1.3547583437110258,0.15746899281012294,5_prime_UTR_variant,East_Asian,Candidate_gene,44125,protective
rs37213003,chr1,131883819,BCMA,A,T,4.383268136638123e-06,2.5314934585009103,0.1036060913802563,5_prime_UTR_variant,East_Asian,GWAS,40764,risk
rs49840101,chr2,164584805,STAT1,T,T,3.1832219714670913e-06,3.0308915081893444,0.08640083642053212,synonymous_variant,European,Candidate_gene,32703,protective
rs72766557,chr10,44558992,STAT1,A,A,7.353682575717088e-07,4.257739163032931,0.24684651723181528,upstream_gene_variant,European,GWAS,28169,risk
rs16734209,chr13,93903549,STAT1,G,G,1.2007288537453466e-06,1.450348982758591,0.10155188876425969,5_prime_UTR_variant,East_Asian,Exome_seq,12637,risk
rs39660995,chr3,157601538,STAT3,G,A,4.865551773240173e-06,3.1863868052851685,0.13953962636252826,downstream_gene_variant,European,WGS,38545,risk
rs14630084,chr9,187794507,STAT4,T,T,1.8213499409705163e-06,2.8612769938210274,0.3261579314517461,missense_variant,European,Exome_seq,6240,risk
rs4125354,chr16,12145552,STAT6,T,C,4.031006592764027e-06,3.6692569782660724,0.12380840774255093,5_prime_UTR_variant,East_Asian,WGS,46781,risk
rs43758171,chr14,108523287,STAT6,T,A,3.1170775021484474e-07,1.687539003290548,0.10324677143499131,intron_variant,African,Candidate_gene,39638,risk
rs45653349,chr3,96192946,IRF4,G,C,1.346216885503674e-06,2.4450377382452544,0.05802847911109055,missense_variant,African,Candidate_gene,48915,risk
rs23419480,chr4,183984073,IRF4,G,A,2.4922114962030874e-06,1.4868369506884982,0.2648426167274191,synonymous_variant,East_Asian,WGS,16728,risk
rs17203305,chr9,108145828,IRF4,T,C,3.2295865607407645e-06,3.083568405407409,0.19243869035913852,downstream_gene_variant,European,GWAS,28285,risk
rs82861231,chr4,165572509,IRF5,G,T,1.425476558374067e-06,1.7721328644726908,0.40870616985057007,5_prime_UTR_variant,European,Exome_seq,5324,protective
rs99164033,chr20,138311963,IRF7,G,C,2.6501026688020688e-08,4.41772163771897,0.24629951170351377,3_prime_UTR_variant,East_Asian,GWAS,1846,risk
rs84721515,chr5,131971033,IRF8,T,C,2.1271827676456454e-06,2.8751142496587017,0.1469638929660321,5_prime_UTR_variant,African,Candidate_gene,46375,risk
rs54215075,chr13,140970538,NFKB1,G,A,1.8461530383189993e-06,2.6990843083230285,0.2694412471752613,synonymous_variant,Mixed,GWAS,6287,protective
rs20931456,chr5,12643208,NFKB1,A,A,2.9781941074004806e-06,2.7562014222155224,0.2147363656589074,3_prime_UTR_variant,European,GWAS,32037,risk
rs53044151,chr11,4609736,NFKB2,T,C,1.8961435455904171e-06,4.257283097846047,0.33863862030051084,upstream_gene_variant,African,WGS,42832,risk
rs55256930,chr21,9910852,REL,G,G,3.1687931848423225e-06,4.195958230526302,0.17647863291859783,synonymous_variant,European,WGS,10510,risk
rs87448549,chr1,6345854,REL,G,A,1.1610642435213915e-06,4.168596091806076,0.2035564885492846,3_prime_UTR_variant,European,WGS,5018,risk
rs88255618,chr7,185894642,RELA,C,T,6.963612240448637e-07,3.8202831245919766,0.2980291023714054,upstream_gene_variant,African,Exome_seq,34187,protective
rs84667964,chr5,123715546,RELB,G,A,1.6766314014646218e-07,3.0806359600753446,0.35498347429627625,intron_variant,African,Candidate_gene,24710,risk
rs84752812,chr20,96723191,RELB,G,A,2.6993036457035465e-06,2.8049796905855056,0.21358207083419728,downstream_gene_variant,African,Exome_seq,36442,risk
rs8726890,chr5,62413011,FOXP3,G,T,4.5422528982175805e-06,3.125192922728197,0.21034056670545598,5_prime_UTR_variant,European,Exome_seq,3443,protective
rs61628583,chr18,26836512,FOXP3,G,C,4.360619672596849e-06,4.275990332195921,0.2760532734356836,upstream_gene_variant,African,GWAS,39727,risk
rs56684473,chr9,64655986,TBX21,A,T,4.67183513947806e-06,4.254376092592362,0.23033574856165284,3_prime_UTR_variant,European,Candidate_gene,2645,risk
rs63671672,chr1,81908854,TBX21,G,C,3.0394723610768995e-06,2.451708804672311,0.3476998607373155,synonymous_variant,African,GWAS,33409,risk
rs27395160,chr11,146367425,GATA3,G,T,2.4041854096083896e-06,4.230900592299694,0.2848272896546269,intron_variant,East_Asian,Exome_seq,46719,risk
rs12292148,chr1,131978076,C1QA,G,G,3.161321807333364e-06,1.243211706741501,0.31541494880668425,5_prime_UTR_variant,Mixed,GWAS,38011,risk
rs10427504,chr7,142240064,C1QB,C,A,1.986591179969874e-06,2.608403387611273,0.3699128088297078,3_prime_UTR_variant,European,GWAS,28952,risk
rs11055079,chr19,14781009,C1QC,A,T,3.5702962848899415e-06,2.9412375094777934,0.2637823565028988,missense_variant,East_Asian,Candidate_gene,26522,risk
rs78462428,chr7,14942402,C3,C,T,1.3537240949730958e-06,3.3251984926887515,0.21349366843923856,5_prime_UTR_variant,Mixed,WGS,20846,risk
rs14839094,chr3,188152343,C4A,G,G,2.5275398900222897e-06,3.1636616330113876,0.18570849835847641,downstream_gene_variant,European,GWAS,21059,risk
rs86808215,chr14,175794015,C4B,C,T,4.1510994926150935e-06,2.5107056477409007,0.3172340546282585,downstream_gene_variant,East_Asian,Exome_seq,18327,risk
rs74678496,chr21,114954962,CFB,C,A,4.382220502932394e-06,3.3216543599270354,0.33157845405540376,missense_variant,African,WGS,20978,risk
rs21153729,chr3,120378390,CFB,G,C,4.153272702171743e-06,2.3391340781082093,0.35953380928053613,missense_variant,East_Asian,WGS,44861,risk
rs15072989,chr14,145162518,CFD,C,C,2.1260680971326628e-06,1.2741487174563875,0.15747094375397844,splice_site_variant,East_Asian,GWAS,24752,risk
rs68225603,chr13,16985249,CFH,G,A,9.195436434665713e-08,4.217186061649646,0.09710043315605646,upstream_gene_variant,East_Asian,Candidate_gene,40952,risk
rs75052985,chr12,82266262,CFH,A,T,7.000935532837064e-07,2.070156548694234,0.1565993573483529,intron_variant,East_Asian,WGS,47828,risk
rs83125254,chr10,170273004,CFH,A,T,2.0219081033636197e-06,3.744007544312092,0.21881442382027494,synonymous_variant,European,Exome_seq,20250,risk
rs25694812,chr21,106565962,F2,C,G,1.7783642266520293e-06,3.57285148710801,0.16884868624927002,intron_variant,Mixed,Exome_seq,24150,protective
rs43955157,chr5,199663479,F2,A,T,1.559166441232883e-07,2.0654713461894225,0.28803117228010194,intron_variant,African,Exome_seq,46420,risk
rs24567809,chr21,137939592,F3,A,C,3.6409440528292604e-06,2.8351213434804547,0.3253609585710944,synonymous_variant,East_Asian,Exome_seq,46186,risk
rs11047595,chr12,130705394,F3,T,T,2.9511537441147684e-06,2.3912138599020882,0.08663282933065367,intron_variant,Mixed,GWAS,37408,risk
rs46745469,chr16,37045138,F5,C,G,4.032805932746101e-06,3.373985110145367,0.326910625807141,3_prime_UTR_variant,Mixed,Candidate_gene,12918,risk
rs59701337,chr15,190689119,F7,T,C,4.626241661830012e-06,1.7958986389202005,0.2771780922210518,synonymous_variant,European,Exome_seq,9820,risk
rs93479303,chr18,30061846,F8,A,T,3.7253229955365537e-06,1.3811126283333672,0.23205747401446247,intron_variant,African,GWAS,25077,risk
rs53879148,chr2,43942594,F10,A,G,1.699375478965367e-06,3.591730346044913,0.07614253631957696,5_prime_UTR_variant,African,WGS,16317,risk
rs48149071,chr13,8152747,SERPINE1,T,T,1.2200488338190856e-07,4.071326283873068,0.05850776434015486,5_prime_UTR_variant,European,Candidate_gene,49543,protective
rs33339834,chr7,41739629,SERPINE1,C,A,3.835941677467346e-06,2.526372014910499,0.24195024812156357,missense_variant,East_Asian,WGS,11616,risk
rs65884070,chr20,193293440,PLAT,T,A,5.523714551828602e-07,2.3702531202145627,0.1648955966616327,upstream_gene_variant,African,GWAS,41600,risk
rs60488206,chr9,41057648,PLG,A,C,6.221886620467245e-07,4.356171801946102,0.36919572885735336,downstream_gene_variant,European,Candidate_gene,1806,protective
rs32061293,chr11,124368509,PLG,A,T,8.351705634264301e-07,4.470856466252022,0.14266868055337736,upstream_gene_variant,African,Candidate_gene,42844,protective
rs52195209,chr11,40043896,PLG,T,A,9.321921242830105e-07,3.772628762770286,0.19005010366669206,downstream_gene_variant,East_Asian,Exome_seq,47600,protective
rs76785788,chr10,66489314,MMP1,T,T,3.480103394248343e-06,1.7078564909215217,0.3763332499962471,3_prime_UTR_variant,East_Asian,GWAS,11222,risk
rs86561923,chr14,125497505,MMP1,G,A,1.9558494392321326e-06,2.100765937025839,0.2406707313321474,intron_variant,Mixed,WGS,29841,protective
rs85212996,chr11,106169850,MMP1,T,C,1.2632462171553315e-06,1.2167710613994855,0.32828571713990007,splice_site_variant,East_Asian,Candidate_gene,41996,risk
rs59544068,chr13,167244944,MMP3,T,C,4.414531462781038e-06,2.903060767463935,0.412605487777832,intron_variant,European,Candidate_gene,7183,risk
rs74135852,chr1,16590661,MMP3,C,G,4.340804152096931e-06,2.009442256442604,0.1129362638810104,splice_site_variant,African,Exome_seq,33088,protective
rs50352346,chr6,8393979,MMP9,G,A,4.404353915123883e-06,4.077083641559265,0.06169891321382366,5_prime_UTR_variant,European,WGS,23890,risk
rs5810833,chr4,85328141,MMP13,A,A,1.2934423948012093e-06,1.837338453138067,0.08363928978719387,intron_variant,Mixed,GWAS,32966,risk
rs39965695,chr13,129184994,MMP13,C,T,1.4167154579849597e-06,1.2608114718361176,0.22289631355700495,synonymous_variant,European,WGS,36150,protective
rs38622748,chr22,2656671,MMP13,C,T,4.736489493983802e-06,1.7490460368764986,0.3583937170128542,missense_variant,East_Asian,GWAS,21953,risk
rs92905293,chr15,135766876,TIMP1,C,C,3.2378685694358943e-06,3.1615063354541997,0.20344490416224875,downstream_gene_variant,European,Candidate_gene,32598,risk
rs88649202,chr11,5421590,TIMP1,T,T,1.3681340577816632e-06,4.4905108505204465,0.22047252089438918,downstream_gene_variant,African,Exome_seq,42846,protective
rs74548874,chr20,118884703,TIMP1,T,G,3.4024968298742632e-06,3.359887007127746,0.15930381079928374,missense_variant,Mixed,WGS,33347,risk
rs59454884,chr20,98042181,TIMP2,G,A,2.2114943696057888e-06,2.2294415686339306,0.17829709617525097,3_prime_UTR_variant,European,GWAS,49290,risk
rs2074961,chr15,147168299,TIMP2,C,G,4.840967171380181e-06,1.8122342018202997,0.3974492671822443,downstream_gene_variant,European,Exome_seq,47765,risk
rs77716230,chr3,27821567,TIMP2,C,A,4.55918026296352e-06,4.392787169925466,0.12418354987066174,5_prime_UTR_variant,East_Asian,Candidate_gene,12536,risk
rs56940773,chr16,154869243,COL1A1,G,T,2.909857427600592e-06,2.0876782346358222,0.3690236402548753,intron_variant,Mixed,GWAS,37935,risk
rs89240465,chr14,160772142,COL2A1,G,T,1.4583136018839375e-06,3.49344022421759,0.39404895887568187,3_prime_UTR_variant,Mixed,Exome_seq,33981,risk
rs90859624,chr17,174054539,COL2A1,A,T,7.124785720120233e-07,2.8463309063894746,0.29726229372724766,upstream_gene_variant,European,WGS,23431,protective
rs13851424,chr1,33356072,CCL2,A,T,1.6601651075372403e-07,1.4593090406115685,0.20876931048063846,synonymous_variant,Mixed,Candidate_gene,11361,protective
rs49243574,chr12,181679984,CCL3,C,G,6.2110070942033e-07,4.157530298860626,0.28791065495077445,missense_variant,European,WGS,34320,risk
rs2308507,chr20,116750205,CCL4,G,G,2.421992753471755e-06,3.3807063903875267,0.2712005810367834,3_prime_UTR_variant,African,Candidate_gene,34662,risk
rs34283771,chr10,5755469,CCL4,G,T,3.01761359600735e-07,2.015440672233483,0.11381787204527534,downstream_gene_variant,East_Asian,Exome_seq,21022,risk
rs37286070,chr21,145773814,CCL4,C,G,8.083635590614692e-07,1.2688417596620756,0.31130520769493203,downstream_gene_variant,Mixed,GWAS,26658,risk
rs8778748,chr22,132651518,CCL5,G,A,4.202262190932262e-06,1.7748380107082369,0.4343122205947908,synonymous_variant,African,WGS,48908,risk
rs82173011,chr18,61111794,CCL20,C,A,2.193077657332533e-06,3.5933502793699503,0.24466757656988114,synonymous_variant,East_Asian,WGS,46350,risk
rs27256629,chr12,38998210,CXCL8,A,T,3.1578014689023826e-06,3.6192729739704275,0.10262707405090393,splice_site_variant,East_Asian,Candidate_gene,47678,risk
rs12360589,chr2,164342628,CXCL8,A,T,2.4613897899623175e-06,2.015862545530484,0.39829996050900457,5_prime_UTR_variant,East_Asian,Exome_seq,48064,risk
rs70069690,chr2,196361954,CXCL10,A,A,1.6259509959334102e-06,3.7524613147657817,0.10234946428733993,downstream_gene_variant,European,Exome_seq,45738,risk
rs49436828,chr10,191655307,CXCL12,T,A,2.154438187421506e-06,2.0207570995391784,0.29685799464161206,missense_variant,European,Candidate_gene,7099,risk
rs56757486,chr5,144932619,CCR1,A,A,4.220852400675537e-06,3.858711504735175,0.2841417457587009,5_prime_UTR_variant,East_Asian,Exome_seq,35707,risk
rs54175588,chr20,169979228,CCR1,A,G,1.123506660162223e-06,1.7940344436599873,0.08542223368929655,missense_variant,East_Asian,Candidate_gene,26611,risk
rs22217066,chr2,46658328,CCR2,T,A,4.339591604681816e-06,2.700641523591735,0.2562384114317001,synonymous_variant,European,Candidate_gene,13115,risk
rs34134205,chr13,80638835,CCR2,C,T,1.0092680587612897e-06,3.4223270299722266,0.4379648184429082,missense_variant,African,GWAS,41287,risk
rs90763925,chr15,23015777,CCR2,A,G,4.893156458371365e-06,2.435179331561316,0.0570063963448249,synonymous_variant,East_Asian,WGS,1302,risk
rs62247832,chr14,188594691,CCR5,A,A,1.0783765463134335e-06,3.374322051767769,0.20754576226166338,downstream_gene_variant,East_Asian,Candidate_gene,37059,risk
rs25101438,chr9,138043624,CXCR3,A,C,3.7621390606501e-06,1.4985895944472674,0.16547423821225526,intron_variant,African,GWAS,36941,risk
rs49719461,chr19,114282529,CXCR3,T,A,3.989068446479524e-06,2.6374249388826785,0.37713368647000867,splice_site_variant,European,Exome_seq,27200,risk
rs70070841,chr7,5032654,CXCR4,A,G,1.9427911177936272e-06,2.680688954654351,0.145017652349731,missense_variant,East_Asian,Candidate_gene,45298,risk
rs52379821,chr14,41133569,CXCR4,T,A,1.898929521110369e-06,4.049001043587023,0.25763271405448723,3_prime_UTR_variant,Mixed,GWAS,2177,risk
rs76902244,chr15,145321835,CXCR5,C,G,1.9718272247264273e-06,3.013066986820496,0.3487502864543291,upstream_gene_variant,Mixed,GWAS,25596,risk
rs97528174,chr21,99915451,BCL2,G,A,3.2734657524636594e-06,2.4542458794927775,0.12886165062915095,downstream_gene_variant,European,Candidate_gene,47413,risk
rs16560243,chr14,139556571,BAX,G,C,1.5565391844723192e-06,3.2141014849260303,0.33646026968927745,missense_variant,Mixed,Candidate_gene,21829,risk
rs80590438,chr13,93540486,FAS,G,C,3.9670364973319285e-06,1.8112538736064518,0.4171009956685509,upstream_gene_variant,East_Asian,Exome_seq,43368,risk
rs36009897,chr15,60714426,FAS,A,G,3.1899263909812825e-06,2.900078062101314,0.28741542764925887,synonymous_variant,European,Candidate_gene,11617,risk
rs86661847,chr16,25245082,FASLG,A,C,1.374030902934645e-06,3.9146272510951388,0.21949530145950513,synonymous_variant,African,Exome_seq,17035,risk
rs76998646,chr18,121189508,FASLG,G,A,3.6843689878471656e-06,4.047230355892654,0.13669592003631026,missense_variant,European,GWAS,17014,risk
rs81256454,chr11,191898825,FASLG,A,T,3.1600777980866063e-06,1.3929002265582278,0.10670975741084075,splice_site_variant,European,GWAS,29482,risk
rs25768424,chr17,68951050,CASP3,G,C,6.419723188763368e-07,1.543561842967749,0.33973552685149644,synonymous_variant,Mixed,GWAS,13323,risk
rs19757506,chr9,47692999,CASP8,A,G,1.717803030318045e-06,3.236614085205634,0.2269639745922678,upstream_gene_variant,European,GWAS,3475,risk
rs38632148,chr8,22814501,CASP8,C,T,3.4006599753853255e-06,1.9617363242082397,0.23274345795214746,3_prime_UTR_variant,East_Asian,Exome_seq,20201,risk
rs52112289,chr20,78202069,CASP8,C,T,4.788126464901617e-06,1.7784997097802768,0.3260019563282663,missense_variant,European,Candidate_gene,24197,risk
rs17413328,chr16,172419531,TP53,C,C,2.3744332426445495e-06,2.462336724805227,0.09793160080705854,intron_variant,European,GWAS,42323,risk
rs66749277,chr21,131692179,TP53,T,T,4.4562307145565096e-07,3.692392387639466,0.10108539345409394,splice_site_variant,East_Asian,WGS,20169,risk
rs37968086,chr18,126303532,MDM2,T,A,4.3821464617644593e-07,4.291960816002507,0.2715208962849505,intron_variant,African,Candidate_gene,19073,risk
rs57444322,chr22,52914894,RANKL,T,C,4.257124937300521e-06,1.888084697379208,0.4222380858575665,synonymous_variant,East_Asian,GWAS,35594,risk
rs6287913,chr14,70913666,RANKL,C,G,1.5233963908110649e-06,1.4670336340691321,0.21119207150606462,synonymous_variant,European,Exome_seq,8373,protective
rs43866200,chr2,33318232,OPG,A,T,1.568639142242789e-06,3.2010241166301396,0.10567920984701194,splice_site_variant,African,GWAS,49563,risk
rs55549381,chr13,25362375,OPG,A,T,2.5305382681261995e-06,1.9674194826057543,0.08198615774372078,upstream_gene_variant,Mixed,WGS,29763,risk
rs9640145,chr6,2428127,RANK,A,G,3.097940154901193e-06,3.3456636049139057,0.11080994125145925,intron_variant,East_Asian,Candidate_gene,32497,risk
rs69082045,chr11,19268849,RANK,A,G,3.4751764492575368e-06,4.4461404533692646,0.14567204168637027,intron_variant,European,WGS,29861,risk
rs18686927,chr1,41467715,RUNX2,C,G,1.1444737953384633e-06,1.9677302772568472,0.13832105191425564,downstream_gene_variant,East_Asian,WGS,38285,risk
rs50839731,chr3,110541530,SOX9,C,T,4.1376896502964765e-06,3.6209274558526268,0.35772195745653596,3_prime_UTR_variant,European,Candidate_gene,25282,risk
rs85388500,chr10,53010809,ACAN,C,G,3.0947413460904145e-06,2.2675513032078634,0.383721346381907,downstream_gene_variant,Mixed,Candidate_gene,48076,protective
rs83051235,chr17,69080112,ACAN,C,G,2.2718872184224698e-06,3.9863783730407327,0.08923303231369784,synonymous_variant,European,Candidate_gene,38487,risk
rs4815144,chr20,95260645,COL2A1,T,A,4.781110997022551e-06,1.6393785137877197,0.09085981186301524,splice_site_variant,European,GWAS,4631,risk
rs31822201,chr8,103982420,COMP,C,G,2.4772610218528054e-06,2.474951402499441,0.23004977296790385,missense_variant,East_Asian,WGS,26431,protective
rs52296836,chr12,53492736,COMP,G,A,2.391550541397069e-07,1.325472099183601,0.34848290299273543,missense_variant,European,WGS,25034,risk
rs82610372,chr20,55096103,COMP,T,G,1.4826786099026949e-06,2.3540206581613035,0.3598614124724728,5_prime_UTR_variant,African,Exome_seq,29138,risk
rs78457397,chr8,65623935,PTPN22,T,T,4.1308923467867994e-07,2.8983700356925883,0.40956032960249417,splice_site_variant,African,GWAS,36144,risk
rs79113713,chr3,24250723,PTPN22,T,C,3.87316912855516e-06,3.324884036685731,0.26212085329966334,3_prime_UTR_variant,African,Candidate_gene,35964,risk
rs87786817,chr22,86567156,PADI4,C,G,2.6038411884029216e-06,3.2344490987537755,0.11265537478952332,synonymous_variant,European,WGS,24953,risk
rs81925517,chr18,24948053,FCGR3A,C,T,4.641587735925353e-06,3.4307415094349727,0.24841913547195466,missense_variant,East_Asian,Exome_seq,31841,protective
rs12872752,chr12,189663016,TRAF1,G,T,3.1803541825783614e-06,1.9295091257973038,0.4413589115202384,3_prime_UTR_variant,African,Exome_seq,30334,risk
rs91962122,chr22,14689493,TRAF1,G,A,4.686940395097528e-06,1.3424733281301384,0.11592592629177485,downstream_gene_variant,East_Asian,WGS,25858,protective
rs85370894,chr19,111278038,TRAF1,C,C,3.6640079910297083e-06,2.9893827781230993,0.28613907618350914,splice_site_variant,East_Asian,Candidate_gene,19450,risk
rs64019115,chr15,10184536,C5,C,A,8.003590147012301e-07,2.7231396655853066,0.05373264793083732,missense_variant,African,Exome_seq,17832,risk
rs21686655,chr10,140845473,BLK,G,A,2.7754251914264817e-06,3.619135276897927,0.29639418010407165,intron_variant,East_Asian,WGS,38900,risk
rs19458857,chr22,87674443,BANK1,A,T,1.0124035983456269e-06,4.361642484393954,0.1971763005208338,intron_variant,African,Exome_seq,6110,risk
rs9805586,chr5,45564078,BANK1,A,C,3.610354968942747e-06,4.124446075534745,0.28721773367471365,downstream_gene_variant,East_Asian,Candidate_gene,3023,risk
rs46677485,chr4,190826104,TNIP1,A,C,2.011636221105655e-06,4.085066153013784,0.25404388499953007,intron_variant,European,WGS,24225,risk
rs42822973,chr2,159351005,PRKCQ,T,G,1.3491043308203516e-06,3.9226630535942046,0.24930227290538148,3_prime_UTR_variant,European,WGS,43092,risk
rs57775993,chr6,96958132,PRKCQ,G,C,2.5863457649389903e-06,2.652656693253119,0.10898101068251359,5_prime_UTR_variant,African,GWAS,34937,risk
rs87401499,chr15,199065976,KIF5A,C,T,3.212826355110758e-06,2.5901185758704375,0.3044709458832931,splice_site_variant,European,Exome_seq,35501,protective
rs92209574,chr9,56030361,TAGAP,C,A,9.223820811919437e-07,2.3953769574525516,0.18380451549677285,downstream_gene_variant,African,Candidate_gene,7397,risk
rs44682501,chr17,140938354,TAGAP,A,G,1.2964845350321099e-06,2.617867482038486,0.3990921001938407,downstream_gene_variant,East_Asian,WGS,3096,risk
rs80538531,chr6,27502745,RASGRP1,C,T,3.639696806929519e-06,2.838321802772489,0.22474028104607185,missense_variant,European,GWAS,14493,risk
rs28270507,chr20,138246359,RASGRP1,A,C,6.701411875820162e-08,2.1330607756099145,0.06783796334918463,3_prime_UTR_variant,European,Exome_seq,35742,protective
rs27133385,chr16,41365237,RASGRP1,G,T,4.223947336640671e-06,2.084858766315194,0.11255272176137919,upstream_gene_variant,European,WGS,41785,protective
rs6028035,chr18,156029408,AFF3,G,G,4.3212396738812164e-07,1.9813882207275717,0.3429794927352359,intron_variant,Mixed,Exome_seq,42903,protective
rs54873131,chr14,187062136,CD247,A,T,4.897754222357944e-06,1.6783847388533961,0.34006229102044594,downstream_gene_variant,East_Asian,Exome_seq,23360,protective
rs88384488,chr1,113729265,SPRED2,A,C,2.0899502513624877e-06,1.4931728087889624,0.323501642230817,missense_variant,East_Asian,GWAS,34340,protective
rs18456057,chr11,23197928,SPRED2,G,T,2.7441937347616366e-06,3.2225705308444326,0.1404588206359763,synonymous_variant,East_Asian,GWAS,18921,risk
rs55856769,chr10,107496097,SPRED2,C,C,2.300811862279934e-06,3.672636251896062,0.16623502392254202,5_prime_UTR_variant,East_Asian,WGS,5666,risk
